model,defence,data_type,accuracy,f1_score
rf,none,clean,0.6886922546541026,0.6884284864109794
rf,feature_smoothing,clean_smoothed,0.6535279246150311,0.6554916287253835
nn,none,clean,0.041829464490921626,0.015944055867053743
nn,feature_smoothing,clean_smoothed,0.041829464490921626,0.015944055867053743
ensemble,none,clean,0.5447023672718915,0.5269059100272573
ensemble,feature_smoothing,clean_smoothed,0.4305906688117674,0.45030269339972606
