model,defence,data_type,accuracy,f1_score
rf,none,clean,0.6886922546541026,0.6884284864109794
rf,feature_smoothing,clean_smoothed,0.6555389565617099,0.6579014892806245
nn,none,clean,0.5129280625143645,0.35950563
nn,feature_smoothing,clean_smoothed,0.5129280625143645,0.35950563
ensemble,none,clean,0.5230406803033786,0.37947856407603203
ensemble,feature_smoothing,clean_smoothed,0.5129280625143645,0.3595446501078175
