model,defence,data_type,accuracy,f1_score
rf,none,clean,0.6886922546541026,0.6884284864109794
rf,feature_smoothing,clean_smoothed,0.6581245690645828,0.6604381377983845
nn,none,clean,0.5090209147322454,0.35418003284925426
nn,feature_smoothing,clean_smoothed,0.5090209147322454,0.35418003284925426
ensemble,none,clean,0.5171799586301999,0.3701749702370806
ensemble,feature_smoothing,clean_smoothed,0.5090783727878648,0.3542945703242122
